,tinh,project,link,content
3,tai-hai-phong,Phân khu Tài Lộc – Vinhomes Royal Island,https://cafeland.vn/du-an/phan-khu-tai-loc-vinhomes-royal-island-4328.html,"['Quy mô phân khu Tài Lộc – Vinhomes Royal Island', 'https://static1.cafeland.vn/cafelandnew/hinh-anh/2024/04/15/195/image-20240415171729-1.jpeg?t=1', 'Vị trí Phân khu Tài Lộc tại Vinhomes Royal Island.', 'Phân khu Tài Lộc được phát triển với 1.868 căn nhà ở thấp tầng. Trong đó, biệt thự tứ lập có 120 căn, diện tích từ 105-204,5m2, với chiều cao 4 tầng, nằm tại các trục đường từ Tài Lộc 31 – 46.', 'Shophouse có 1.748 căn, diện tích từ 67,5-189m2, với chiều cao 4 tầng, nằm tại tất cả các trục đường Tài Lộc.', 'https://static1.cafeland.vn/cafelandnew/hinh-anh/2024/04/15/195/image-20240415171729-2.jpeg?t=1', 'Mặt bằng Phân Khu Tài Lộc.', 'Ngoài việc thừa hưởng toàn bộ hệ thống hạ tầng, tiện ích của đại đô thị Vinhomes Royal Island như bệnh viện Vinmec, TTTM Vincom Megamall, trường liên cấp Vinshool, Trung tâm Hội nghị tiệc cưới Royal Palace, bến du thuyền cao cấp… Phân khu Tài Lộc còn sở hữu những tiện ích riêng.', 'https://static1.cafeland.vn/cafelandnew/hinh-anh/2024/04/15/195/image-20240415171729-3.png?t=1', 'Phối cảnh tiện ích Phân khu Tài Lộc.', 'Có thể kể đến như công viên River Walk, sở hữu tuyến đường dạo ven sông, là nơi thưởng thức ẩm thực phong phú và trải nghiệm các phố chủ đề đậm đà bản sắc văn hóa. Hay quảng trường Royal Square kiểu châu Âu, với cổng mặt trời cao 45m và hệ thống nhạc nước… Bên cạnh đó, còn có công viên K-Parkvới công viên đèn lồng đặc sắc...', 'Thông tin Phân khu Tài Lộc – Vinhomes Royal Island', 'Phân khu Tài Lộc là 1 trong 11 phân khu của dự án Thành phố đảo Hoàng Gia – Vinhomes Royal Island, có vị trí tại Đảo Vũ Yên, đường Nguyễn Bỉnh Khiêm, phường Đông Hải 2, quận Hải An, TP.Hải Phòng.', 'Chủ đầu tư dự án Vinhomes Royal Island là Tập đoàn Vingroup – CTCP, thành lập vào ngày 3/5/2002. Trụ sở chính của doanh nghiệp được đặt tại số 7, đường Bằng Lăng 1, khu đô thị Vinhomes Riverside, phường Việt Hưng, quận Long Biên, TP.Hà Nội. Ông Nguyễn Việt Quang là người đại pháp luật.', 'Phân khu Tài Lộc là phân khu đầu tiên được chủ đầu tư ra mắt. Các sản phẩm tại dự án được tham khảo trên thị trường khoảng từ 9-13 tỷ đồng/căn.', 'Hiện dự án đã gần như hoàn thiện phần thô các căn shophouse, biệt thự. Các tiện ích cũng đang dần hình thành.', 'https://static1.cafeland.vn/cafelandnew/hinh-anh/2024/04/15/195/image-20240415171729-4.jpeg?t=1', 'Tiến độ dự án được cập nhật vào tháng 3/2024.', 'Thông tin nhanh Phân khu Tài Lộc – Vinhomes Royal Island', 'Dự án: Phân khu Tài Lộc – Vinhomes Royal Island', 'Tổng diện tích:', 'Vị trí: Đảo Vũ Yên, đường Nguyễn Bỉnh Khiêm, phường Đông Hải 2, quận Hải An, TP.Hải Phòng', 'Tổng vốn đầu tư:\xa0', 'Loại hình: khu dân cư', 'Năm khởi công: 12/7/2015', 'Chủ đầu tư: Tập đoàn Vingroup - Công ty Cổ phần', 'Năm hoàn thành:', '  Trần Thùy  ']"
4,tai-hai-phong,BRG Coastal City: Khu du lịch sinh thái nghỉ dưỡng đẳng cấp tại Hải Phòng,https://cafeland.vn/du-an/brg-coastal-city-khu-du-lich-sinh-thai-nghi-duong-dang-cap-tai-hai-phong-4283.html,"['Quy mô dự án BRG Coastal City Hải Phòng', 'https://static1.cafeland.vn/cafelandnew/hinh-anh/2023/11/24/209/brg-coastal-city-do-son1.jpg?t=1', 'Phối cảnh khu dự án BRG Coastal City Hải Phòng', 'Khu du lịch BRG Coastal City được quy hoạch trên tổng diện tích đất là 350 ha, mật độ xây dựng là 40%. Tổ hợp khu du lịch gồm: Khu biệt thự nghỉ dưỡng đẳng cấp BRG Coastal City Đồ Sơn, sân golf BRG Ruby Tree Golf Resort, công viên giải trí, trung tâm thương mại và khách sạn 5 sao Doubletree của Tập đoàn Hilton. ', 'https://static1.cafeland.vn/cafelandnew/hinh-anh/2023/11/24/209/mat-bang-brg-coastal-city-do-son1.jpg?t=1', 'Mặt bằng toàn khu dự án', 'Toàn dự án có tổng cộng 682 căn biệt thự nghỉ dưỡng. Dự án được chia làm 3 phân khu gồm phân khu Twin Tree, phân khu Ruby Island & Coastal Condos và phân khu Sea View & Sea Castles. Trong đó phân khu Twin Tree đã được mở bán giai đoạn 1 với 128 căn biệt thự đơn lập diện tích từ 300 m2 – 657 m2.', 'https://static1.cafeland.vn/cafelandnew/hinh-anh/2023/11/24/209/mat-bang-khu-3-brg-coastal-city1.jpg?t=1', 'Mặt bằng phân khu Twin Tree', 'Các căn biệt thự tại phân khu Twin Tree có chiều cao xây dựng 3 tầng, được thiết kế theo phong cách Châu Âu với 5 loại hình cơ bản gồm:\xa0', 'https://static1.cafeland.vn/cafelandnew/hinh-anh/2023/11/24/209/image-20231124131647-4.jpeg?t=1', 'Mặt bằng tổng thể biệt thự Alfile', 'Mặt bằng tổng thể biệt thự Claring 1', 'https://static1.cafeland.vn/cafelandnew/hinh-anh/2023/11/24/209/image-20231124131647-6.jpeg?t=1', 'Mặt bằng tổng thể biệt thị Claring 2', 'https://static1.cafeland.vn/cafelandnew/hinh-anh/2023/11/24/209/image-20231124131647-7.jpeg?t=1', 'Mặt bằng tổng thể biệt thị Durum', 'https://static1.cafeland.vn/cafelandnew/hinh-anh/2023/11/24/209/image-20231124131647-8.jpeg?t=1', 'Phối cảnh biệt thự Epsom', 'BRG Coastal City được trang bị hàng loạt những tiện ích cao cấp để phục vụ cho cư dân như:\xa0Bãi đỗ trực thăng, trung tâm thương mại, hệ thống kênh đào sinh thái, nhà tập đánh golf, hệ thống xe buggy, hồ cảnh quan, trung tâm hội thảo, nhà câu lạc bộ đua thuyền, bể bơi, trường học, bãi đỗ xe, khu chăm sóc sức khỏe…', 'https://static1.cafeland.vn/cafelandnew/hinh-anh/2023/11/24/209/image-20231124131647-9.jpeg?t=1', 'Sân gofl trong khu dự án', 'Nằm trên trục đường lớn Phạm Văn Đồng dự án BRG Coastal City sở hữu liên kết vùng hoàn hảo, giúp cư dân dễ dàng di chuyển tới những địa điểm trọng điểm của Hải Phòng cũng như kết nối với các tỉnh lân cận một cách dễ dàng. ', 'https://static1.cafeland.vn/cafelandnew/hinh-anh/2023/11/24/209/image-20231124131647-10.png?t=1', 'Liên kết vùng', 'Các địa điểm cư dân có thể đến như: Sân Golf 18 Lỗ ngay kế bên dự án, trung tâm du lịch Đồ Sơn khoảng 4,5 km, trung tâm thành phố Hải Phòng khoảng 18km, sân bay Cát Bi khoảng 18 km, đảo Cát Bà 68 km, cao tốc Hải Phòng – Quảng Ninh khoảng 15km, thành phố Hà Nội chưa tới 1,5 giờ lái xe', 'Thông tin dự án BRG Coastal City Hải Phòng', 'Dự án BRG Coastal City là một sản phẩm của Tập đoàn BRG - Top 10 công ty Chủ đầu tư hàng đầu tại BCI Asia Awards (2016).', 'Tập đoàn BRG được sáng lập bởi Madame Nguyễn Thị Nga từ năm 1993, khởi tạo với ngành nghề kinh doanh xuất nhập khẩu.\xa0Doanh nghiệp có địa chỉ tại số 198, đường Trần Quang Khải, quận Hoàn Kiếm, thành phố Hà Nội. ', 'Trong đợt mở bán đầu tiên của phân khu Twin Tree giá các căn biệt thự BRG Coastal City được công bố chính thức khoảng từ 45 triệu/m2 – 5- triệu/m2. Giá này đã bao gồm cả phần xây thô và hoàn thiện mặt ngoài và chưa trừ chính sách.', 'Thông tin nhanh dự án BRG Coastal City Hải Phòng', 'Dự án: Khu du lịch sinh thái nghỉ dưỡng BRG Coastal City Hải Phòng ', 'Tổng diện tích: 350 ha', 'Vị trí: Đường Phạm Văn Đồng, phường Ngọc Xuyên, quận Đồ Sơn, thành phố Hải Phòng', 'Tổng vốn đầu tư:', 'Loại hình: Biệt thự', 'Năm khởi công: Năm 2019', 'Chủ đầu tư: Tập đoàn BRG', 'Năm hoàn thành: ', '  Mỹ Tuyên  ']"
6,tai-hai-phong,Golden Crown: Dự án khu căn hộ cao cấp tại Hải Phòng,https://cafeland.vn/du-an/golden-crown-du-an-khu-can-ho-cao-cap-tai-hai-phong-4237.html,"['Quy mô dự án Golden Crown Hải Phòng', 'https://static1.cafeland.vn/cafelandnew/hinh-anh/2023/10/24/209/image-20231024162519-1.jpeg?t=1', 'Vị trí xây dựng khu căn hộ Golden Crown', 'Khu căn hộ cao cấp Golden Crown có diện tích 1,3 ha, là dự án cao cấp thuộc khu phức hợp Diamond Crown Plaza. Dự án được xây dựng 39 tầng với tổng 1093 căn hộ, trong đó có 3 tầng hầm, 36 tầng nổi, đa dạng loại hình từ studio, 1 phòng ngủ đến 3 phòng ngủ… ', 'Các loại hình căn hộ tại Golden Crown:', '- Căn hộ Studio: 31 – 37 m2.', '- Căn hộ 1 phòng ngủ: 55 – 59 m2.', '- Căn hộ 2 phòng ngủ: 62 – 92 m2.', '- Căn hộ 3 phòng ngủ: 103 – 140 m2.', 'Tại Golden Crown, cư dân có thể tiếp cận được những hệ thống tiện ích nội khu bao gồm: Trung tâm thương mại ở ngay sảnh chờ tầng 2, bãi đỗ xe tầng hầm, hệ thống gym, spa, Sky Garden, Sky bar, khu vui chơi trẻ em, bể bơi 4 mùa, bể bơi ngoài trời, khuôn viên đi dạo nhiều cây xanh.', 'https://static1.cafeland.vn/cafelandnew/hinh-anh/2023/10/24/209/image-20231024162519-2.jpeg?t=1', 'Mô phỏng tiện ích nội khu Golden Crown', 'Dự án Golden Crown may mắn nằm ngay tại trung tâm phức hợp tiện ích của thành phố Hải Phòng. Vì thế, cư dân chỉ cần mất vài phút đi xe có thể đến các địa điểm như: Chỉ 5 phút đến Sân bay quốc tế Cát Bi, chỉ 10 phút tới trung tâm thành phố, chỉ 12 phút đến đại siêu thị Aeon Mall lớn nhất Việt Nam, chỉ 10 - 15 phút tới Đại học Y, Đại học Hàng Hải, cạnh trường THPT Chuyên Trần Phú', 'Thông tin dự án Golden Crown Hải Phòng', 'Golden Crown Hải Phòng là dự án cao cấp thuộc khu phức hợp Diamond Crown Plaza tại Hải Phòng.\xa0Có cùng chủ đầu tư là Công ty\xa0TNHH Đầu tư Bất động sản DojiLand (thành viên của Tập đoàn Doji).', 'Doanh nghiệp được thành lập vào ngày 17.11.2014, đặt trụ sở chính tại tầng 09, tòa nhà Doji Tower – Số 5 Lê Duẩn, phường Điện Biên, quận Ba Đình, thành phố Hà Nội.', 'Theo giấy phép đăng ký được thay đổi vào tháng 09.2019, doanh nghiệp tăng vốn điều lệ 500 tỷ đồng, do ông Đỗ Minh Đức (SN 1983) giữ chức vụ Chủ tịch kiêm Tổng giám đốc và cũng là người đại diện pháp luật của công ty.', 'Dự án khu căn hộ cao cấp Golden Crown Hải Phòng dự kiến sẽ khởi công xây dựng vào quý I/2023.', 'https://static1.cafeland.vn/cafelandnew/hinh-anh/2023/10/24/209/image-20231024162519-3.png?t=1', 'Cập nhật tiến độ dự án tháng 10/2023', 'Thông tin nhanh dự án Golden Crown Hải Phòng', 'Dự án: Khu căn hộ cao cấp Golden Crown', 'Tổng diện tích: 1,3 ha ', 'Vị trí: Lô số 10A đường Lê Hồng Phong, phường Đằng Hải, quận Hải An, thành phố Hải Phòng', 'Tổng vốn đầu tư: ', 'Loại hình: Căn hộ', 'Năm khởi công: Quý I/2023', 'Chủ đầu tư: Công ty \xa0TNHH Đầu tư Bất động sản DojiLand.', 'Năm hoàn thành: Quý I/2026', '  Mỹ Tuyên  ']"
12,tai-hai-phong,Hong Kong Town: Dự án shophouse tại Hải Phòng,https://cafeland.vn/du-an/hong-kong-town-du-an-shophouse-tai-hai-phong-4094.html,"['Quy mô dự án Hong Kong Town Hải Phòng', 'https://static1.cafeland.vn/cafelandnew/hinh-anh/2023/06/27/186/image-20230627151455-1.jpeg?t=1', 'Dự án Hong Kong Town có tổng diện tích 1,3 ha, mật độ xây dựng 39,74% và diện tích dành cho cây xanh là 679,9 m2. Dự án được thiết kế với mô hình liền kề - shophouse, cung cấp ra thị trường 79 lô, có diện tích từ 50 – 112 m2 và chiều cao xây dựng 5 tầng.', 'https://static1.cafeland.vn/cafelandnew/hinh-anh/2023/06/27/186/image-20230627151455-2.jpeg?t=1', 'Mặt bằng dự án Hong Kong Town', 'Tại dự án Hong Kong Town, sở hữu hệ thống tiện ích nội khu đầy đủ với các hạng mục bao gồm: Khu cổng vào, nhà hàng ẩm thực, cafe, hệ thống phòng gym – spa, siêu thị, chuỗi cửa hàng, khuôn viên cây xanh, trường mầm non, khu máy tập thể thao ngoài trời, đường dạo bộ…', 'https://static1.cafeland.vn/cafelandnew/hinh-anh/2023/06/27/186/image-20230627151455-3.jpeg?t=1', 'Phối cảnh dự án Hong Kong Town', 'Bên cạnh đó, từ dự án Hong Kong Town cư dân có thể tiếp cận được những tiện ích ngoại khu lân cận như: Cách Khu công nghiệp Đồ Sơn 2 phút; cách BRG Coastal City, sân golf BRG Ruby HP, UBND quận Đồ Sơn 5 phút; cách cao tốc Hà Nội – Hải Phòng, Khu du lịch Đồi Rồng, chùa Tháp Tường Long, đền Ba Bể 10 phút; cách bãi biển Đồ Sơn 15 phút; cách sân bay Cát Bi, Khu du lịch Hòn Dấu 20 phút…', 'https://static1.cafeland.vn/cafelandnew/hinh-anh/2023/06/27/186/image-20230627151456-5.jpeg?t=1', 'Thông tin dự án Hong Kong Town Hải Phòng', 'Chủ đầu tư dự án Hong Kong Town là Tập đoàn Phương Đông (Phương Đông Group), được thành lập từ năm 2011, đặt trụ sở tại số 18 Tràng Thi, phường Hàng Trống, quận Hoàn kiếm thành phố Hà Nội.', 'Ngoài dự án Hong Kong Town, Phương Đông Group còn đâu tư và phát triển một số dự án khác như: Phương Đông Green Valley, Phương Đông Green Park, Phước Thới Residence, Linh Đàm Premier City, Bình Hòa Park City…', 'Dự án Hong Kong Town có mức giá bán tham khảo trên thị trường từ 35 triệu đồng/m2, tương đương 2,45 tỷ đồng/căn.', 'Thông tin nhanh dự án Hong Kong Town Hải Phòng', 'Dự án: Hong Kong Town', 'Tổng diện tích: 1,3 ha', 'Vị trí: Đường 353C phường Minh Đức, quận Đồ Sơn, thành phố Hải Phòng', 'Tổng vốn đầu tư: ', 'Loại hình: Liền kề, shophouese', 'Năm khởi công: ', 'Chủ đầu tư: Tập đoàn Phương Đông', 'Năm hoàn thành: ', '  Mạnh Dũng  ']"
14,tai-hai-phong,Hải An Center: Dự án khu phức hợp thương mại tại Hải Phòng,https://cafeland.vn/du-an/hai-an-center-du-an-khu-phuc-hop-thuong-mai-tai-hai-phong-4034.html,"['Quy mô dự án Hải An Center Hải Phòng', 'https://static1.cafeland.vn/cafelandnew/hinh-anh/2023/05/05/186/image-20230505170216-1.jpeg?t=1', 'Hải An Center có tổng diện tích 11,85 ha, mật độ xây dựng 58,8%. Trong đó, diện tích đất ở chiếm 69.615,6 m2, đất cây xanh 12.296,6 m2, đất dành cho giao thông 33.048,8 m2, đất bãi đỗ xe 2.800 m2, đất công trình công cộng 700 m2.', 'https://static1.cafeland.vn/cafelandnew/hinh-anh/2023/05/05/186/image-20230505170216-2.jpeg?t=1', 'Mặt bằng dự án Hải An Center', 'Dự án Hải An Center được thiết kế với 2 dòng sản phẩm chính bao gồm nhà phố liền kề và biệt thự, ngoài ra còn có chung cư (diện nhà ở xã hội):', 'Biệt thự: Sở hữu khu đất có diện tích 12.211,1m2 phân thành 60 lô với diện tích từ 187 – 270 m2, được thiết kế cao 4 tầng.', 'Liền kề: Sở hữu khu đất 43.422,9 m2 phân thành 312 lô với diện tích từ 125 – 262 m2, có số tầng cao là 4.', 'Chung cư (diện nhà ở xã hội) có tổng diện tích 13.981,6 m2, phân thành 5 tòa gồm 650 căn hộ với diện tích mỗi căn từ 40 – 70 m2.', 'https://static1.cafeland.vn/cafelandnew/hinh-anh/2023/05/05/186/image-20230505170216-3.jpeg?t=1', 'Phối cảnh các sản phẩm tại dự án Hải An Center', 'Dự án Hải An Center sở hữu hệ thống tiện ích nội khu phục vụ cho đời sống cư dân tại đây, bao gồm: Sân thể thao, khu vui chơi trẻ em, công viên, đài phun nước, bãi đỗ xe, nhà văn hóa…', 'https://static1.cafeland.vn/cafelandnew/hinh-anh/2023/05/05/186/image-20230505170216-5.jpeg?t=1', 'Hệ thống tiện ích nội khu tại Hải An Center', 'Từ dự án, cư dân thuận tiện di chuyển đến các khu vực tiện ích lân cận như: Cách di tích lịch sử Từ Lương Xâm 1 km, cách bệnh viện đa khoa Hải An và Sân bay Cát Bi 2 km, cách cảng Đình Vũ, trung tâm hành chính quận 3 km, cách THPT Lê Quý Đôn và đảo Vũ Yên 5 km, cách bãi biển Đồ Sơn khoảng 20 km…', 'Thông tin dự án Hải An Center Hải Phòng', 'Chủ đầu tư dự án Hải An Center Hải Phòng là Công ty Cổ phần Đầu tư H2H Việt Nam (thành viên Tập đoàn Geleximco), được thành lập ngày 06/07/2022, đặt trụ sở tại số 97 phố Trần Bình, phường Mỹ Đình 2, quận Nam Từ Liêm, thành phố Hà Nội.', 'Hiện các sản phẩm tại dự án Hải An Center có mức giá tham khảo ban đầu từ 35 triệu đồng/m2 đối với sản phẩm liền kề và 35 – 45 triệu đồng/m2 đối với sản phẩm biệt thự.', 'Thông tin nhanh dự án Hải An Center Hải Phòng', 'Dự án: Hải An Center Hải Phòng', 'Tổng diện tích: 11,85 ha', 'Vị trí: Đường Liên Phường, phường Nam Hải, quận Hải An, thành phố Hải Phòng', 'Tổng vốn đầu tư: \xa0', 'Loại hình: Biệt thự, liền kề ', 'Năm khởi công: \xa0', 'Chủ đầu tư: Công ty Cổ phần Đầu tư H2H Việt Nam', 'Năm hoàn thành: ', '  Mạnh Dũng  ']"
24,tai-hai-phong,Khu phức hợp Diamond Crown Hải Phòng,https://cafeland.vn/du-an/khu-phuc-hop-diamond-crown-hai-phong-3152.html,"['Quy mô dự án Diamond Crown Hải Phòng', 'https://static1.cafeland.vn/cafelandnew/hinh-anh/2021/12/22/177/20210615-DOJI-HP-Archi-SD-R04-View_01_-1305x1536.jpg?t=1', 'Khu phức hợp Diamond Crown Hải Phòng được xây dựng trên khu đất có tổng diện tích 12.868m2, mật độ xây dựng 52,21%. Dự án Diamond Crown Hải Phòng bao gồm 01 tòa chung cư cao cấp hình chữ U 39 tầng và 01 tòa tháp khách sạn 45 tầng.', 'https://static1.cafeland.vn/cafelandnew/hinh-anh/2021/12/22/177/diamond-crown-residence10.jpg?t=1', 'Dự kiến Diamond Crown Hải Phòng cung cấp ra thị trường hơn 800 sản phẩm gồm căn hộ Studio có diện tích khoảng 38m2; căn hộ 1 phòng ngủ có diện tích 57m2; căn hộ 2 phòng ngủ có diện tích từ 62 – 95m2 và căn hộ 3 phòng ngủ có diện tích từ 106 – 145m2.', 'Diamond Crown Hải Phòng sở hữu những tiện ích nội khu gồm: bể bơi bốn mùa, hệ thống công viên rộng lớn, vườn nướng BBQ, Sky Garden, trung tâm thương mại, phòng tập gym – yoga, trung tâm chăm sóc sức khỏe, khu vực thể thao ngoài trời, khu vui chơi dành cho trẻ em, khuôn viên tản bộ, hệ thống điều hòa trung tâm, camera quan sát,…', 'https://static1.cafeland.vn/cafelandnew/hinh-anh/2021/12/22/177/chung-cu-cao-cap-diamond-crown-plaza-le-hong-phong.jpeg?t=1', 'Sở hữu vị trí đắc địa nên cư dân trong Diamond Crown Hải Phòng dễ dàng di chuyển đến các khu vực lân cận, chẳng hạn: từ Diamond Crown đến Cục Hải quan TP. Hải Phòng 900m; cách Go! Hải Phòng 300m; đến Trường THPT chuyên Trần Phúc 550m; cách hồ Phương Lưu 1,1km; đến Ngân hàng Shinhan Hải Phòng 1,2km; cách chợ Lũng 1,0km; đến UBND quận Hải An 2,7km; di chuyển đến sân bay Cát Bi 3,9km;…', 'Thông tin chung dự án Diamond Crown Hải Phòng', 'Dự án khu phức hợp Diamond Crown Hải Phòng được đầu tư bởi Công ty \xa0TNHH Đầu tư Bất động sản DojiLand (thành viên của Tập đoàn Doji), được thành lập vào ngày 17.11.2014, đặt trụ sở chính tại Tầng 09, tòa nhà DOJI Tower – Số 5 Lê Duẩn, phường Điện Biên, quận Ba Đình, TP. Hà Nội.', 'Theo giấy phép đăng ký được thay đổi vào tháng 09.2019, doanh nghiệp tăng vốn điều lên 500 tỷ đồng, do ông Đỗ Minh Đức (SN 1983) giữ chức vụ Chủ tịch kiêm Tổng giám đốc và cũng là người đại diện pháp luật của công ty.', 'Ngày 20.11.2020, Công ty DojiLand đã tổ chức lễ động thổ dự án khu phức hợp Diamond Crown Hải Phòng.', 'Dự án Diamond Crown Hải Phòng được thiết kế bởi nhà thiết kế người Ý Massimo Mercurio, Mercurio Design Lab, đơn vị tổng thầu xây dựng phần hầm là Công ty Cổ phần Ecoba Việt Nam.', 'Dự án Diamond Crown Hải Phòng được triển khai vào năm 2020 và dự kiến bàn giao vào quý IV/2023. Hiện tại, giá căn hộ tại dự án Diamond Crown Hải Phòng chưa được chủ đầu tư công bố chính thức ra thị trường.', 'Thông tin nhanh dự án Diamond Crown Hải Phòng', 'Dự án:\xa0Diamond Crown Hải Phòng', 'Vị trí: Đường Lê Hồng Phong và Nguyễn Bỉnh Khiêm, phường Đằng Lâm, quận Hải An, thành phố Hải Phòng', 'Loại hình:\xa0Căn hộ', 'Chủ đầu tư:\xa0DojiLand', '  Hòa Bình  ']"
25,tai-hai-phong,Khu du lịch quốc tế Đồi Rồng Đồ Sơn,https://cafeland.vn/du-an/khu-du-lich-quoc-te-doi-rong-do-son-3096.html,"['Dự án có phía Bắc giáp tuyến đường ven biển phía Tây Đồ Sơn (đường Vạn Lê) và khu Đồi Rồng, phía Nam giáp biển, phía Đông giáp dự án khu ẩm thực tập trung và dự án làng biệt thự cao cấp Vạn Hương và phía Tây giáp biển Đông.', 'Quy mô dự án Khu du lịch quốc tế Đồi Rồng Đồ Sơn ', 'https://static1.cafeland.vn/cafelandnew/hinh-anh/2021/11/22/177/doi-rong.jpg?t=1', 'Khu du lịch quốc tế Đồi Rồng Đồ Sơn được xây dựng với tổng diện tích lên đến 480ha với tổng vốn đầu tư dự kiến hơn 25.000 tỷ đồng. Dự án được chia thành 5 phân khu chính gồm phân khu công viên trung tâm, phân khu văn hóa, phân khu nghỉ dưỡng, phân khu khám phá và phân khu thiên nhiên.', 'Dự kiến dự án Đồi Rồng Đồ Sơn cung cấp ra thị trường hơn 1.000 sản phẩm gồm biệt thự liền kề, biệt thự nghỉ dưỡng song lập và đơn lập, shophouse, căn hộ và khách sạn.', 'Khu du lịch Đồi Rồng Đồ Sơn cung cấp những tiện ích nội khu gồm: quảng trường ánh sáng, công viên dưỡng sinh, khu vui chơi giải trí, biển hồ nước mặn, hồ bơi nước ngọt 23ha, khu mua sắm, cafe, khu nhà hàng, bến du thuyền, hệ thống trung tâm thương mại, khu thể thao và gym,\xa0 khu dịch vụ spa, trung tâm tổ chức sự kiện, trường học và bệnh viện, sân golf 27 lỗ, hệ thống an ninh khu vực 24/7,…', 'https://static1.cafeland.vn/cafelandnew/hinh-anh/2021/11/22/177/biet-thu-golf-1-2048x1152.jpg?t=1', 'Tiện ích ngoài khu của dự án, chẳng hạn: từ Đồi Rồng Đồ Sơn đến bãi tắm Đồ Sơn 4,1km; cách Công an phường Hải Sơn 4,4km; đến chợ Cầu Vồng Đồ Sơn 4,8km; cách Trường THPT Đồ Sơn 5,5km; cách Trung tâm Y tế quận Đồ Sơn 5,8km; đến cảng cá Đồ Sơn, cách UBND huyện Đồ Sơn khoảng 5,4km; di chuyển đến Cảng hàng không quốc tế Cát Bi khoảng 27km;…', 'Thông tin dự án Khu du lịch Đồi Rồng Đồ Sơn', 'Chủ đầu tư dự án Khu du lịch Đồi Rồng Đồ Sơn là Công ty cổ phần đầu tư và du lịch Vạn Hương (đơn vị thành viên của Tập đoàn Geleximco) được thành lập vào ngày 14.10.2010, đặt trụ sở chính tại khu du lịch Quốc tế Đồi Rồng, phường Vạn Hương, quận Đồ Sơn, TP. Hải Phòng.', 'Vốn điều lệ của doanh nghiệp là 3.000 tỷ đồng với 2 thành viên góp vốn là Phạm Văn Hùng và Bùi Quang Khả, trong đó, ông Phạm Ngọc Tuân (sinh năm 1969) giữ chức vụ Tổng giám đốc kiêm người đại diện pháp luật của doanh nghiệp.', 'Tháng 05.2020, UBND quận Đồ Sơn có quyết định phê duyệt đồ án điều chỉnh quy hoạch chi tiết tỷ lệ 1/500 đối với khu du lịch quốc tế Đồi Rồng Đồ Sơn tại phường Vạn Hương với tổng diện tích đất lập quy hoạch là 480ha.', 'Ngày 06.06.2020, UBND TP. Hải Phòng và Công ty cổ phần đầu tư và du lịch Vạn Hương tổ chức lễ khách thành bãi tắm nhân tạo và động thổ khách sạn tại khu du lịch quốc tế Đồi Rồng.', 'Dự kiến dự án khu du lịch Đồi Rồng Đồ Sơn thi công trong thời gian 5 kể từ năm 2019 đến năm 2023.', 'Thông tin nhanh dự án Khu du lịch Đồi Rồng Đồ Sơn', 'Dự án:\xa0Khu du lịch Đồi Rồng Đồ Sơn', 'Vị trí: phường Vạn Hương, quận Đồ Sơn, TP. Hải Phòng.', 'Loại hình:\xa0Shophouse, biệt thự, căn hộ', 'Chủ đầu tư:\xa0Công ty cổ phần đầu tư và du lịch Vạn Hương', '  Hòa Bình  ']"
26,tai-hai-phong,Nhà ở thương mại Hoàng Hà Riverside Hải Phòng,https://cafeland.vn/du-an/nha-o-thuong-mai-hoang-ha-riverside-hai-phong-2974.html,"['Quy mô dự án Hoàng Hà Riverside Hải Phòng', 'https://static1.cafeland.vn/cafelandnew/hinh-anh/2021/06/02/177/phoi-canh-du-an-hoang-ha-riverside4.jpg?t=1', 'Dự án nhà ở thương mại\xa0Hoàng Hà Riverside Hải Phòng được xây dựng trên quỹ đất có tổng diện tích 27.184m2.', 'Quy mô dự án có 8 block, mỗi block được xây dựng với 3 tầng gồm: khu nhà vườn có diện tích 126m2, khu nhà ở liền kề có diện tích từ 80 – 116m2, khu biệt thự có diện tích 162m2. Dự án này có quy mô dân số 516 người.', 'https://static1.cafeland.vn/cafelandnew/hinh-anh/2021/06/02/177/image-20210602103832-1.jpeg?t=1', 'Nội khu dự án nhà ở thương mại Hoàng Hà Riverside gồm: Shophouse, khu nhà liền kề và khu biệt thự góc.', 'https://static1.cafeland.vn/cafelandnew/hinh-anh/2021/06/02/177/phoi-canh-du-an-hoang-ha-riverside.jpg?t=1', 'https://static1.cafeland.vn/cafelandnew/hinh-anh/2021/06/02/177/phoi-canh-du-an-hoang-ha-riverside-1.jpg?t=1', 'Tại Hoàng Hà Riverside cư dân có thể kết nối dễ dàng với các khu vực xung quanh như cách trường mầm non Sakura Montessori 2,3km, cách trường phổ thông Gateway Hải Phòng 900m, cách Aeon Mall Hải Phòng khoảng 3km, cách Cảng Hàng không Quốc tế Cát Bi 8,6km, cách Bệnh viện đa khoa Quốc tế Vinmec Hải Phòng 4,1km, cách Cục thuế thành phố Hải Phòng 4,3km,…', 'Thông tin dự án Hoàng Hà Riverside Hải Phòng', 'Chủ đầu tư dự án Nhà ở thương mại Hoàng Hà Riversider Hải Phòng là Công ty Cổ phần Tập đoàn Đầu tư Hoàng Hà (công ty liên kết của Công ty Cổ phần giấy Hoàng Hà Hải Phòng), được thành lập vào ngày 17/07/2019; có trụ sở chính đặt tại Lô 3, Tổ 40, TT Nhà hát kịch, phường Trung Hòa, quận Cầu Giấy, thành phố Hà Nội.', 'Doanh nghiệp được thành lập với vốn điều lệ là 85 tỷ đồng (2019), gồm 3 thành viên góp vốn là bà Vũ Thị Hằng (chiếm 60% cổ phần), bà Nguyễn Thị Thu Thủy (chiếm 30% cổ phần) và ông Nguyễn Đức Huyên (chiếm 10% cổ phần). Ngoài ra, đại diện pháp luật của Công ty gồm có bà Trần Thị Thu Phương (1966) – Chủ tịch Hội đồng quản trị và bà Nguyễn Thị Thu Thủy (1972) – Tổng Giám đốc.', 'Lĩnh vực hoạt động chính của Công ty Cổ phần Tập đoàn Đầu tư Hoàng Hà là đầu tư bất động sản, mua bán nợ và các lĩnh vực khác.', 'Giá bán tham khảo trên thị trường của dự án vào khoảng 20 triệu/m2 và thời gian dự khởi công dự án Hoàng Hà Riverside Hải Phòng vào quý II/2021.', 'Thông tin nhanh dự án Hoàng Hà Riverside Hải Phòng']"
33,tai-hai-phong,Khu đô thị Dương Kinh New City Hải Phòng,https://cafeland.vn/du-an/khu-do-thi-duong-kinh-new-city-hai-phong-2577.html,"[' Quy mô dự án khu đô thị Dương Kinh New City', ' ', ' Dương Kinh New City nằm trên tổng diện tích 171.342 m2; với tổng số 337 nền nhà liền kề và 92 nền biệt thự, các lô đất nền tại đây có diện tích dao động từ 105 m2 – 260 m2.', ' Khu đô thị Dương Kinh New City có vị trí nằm đối diện với trụ sở Công an quận Dương Kinh và trụ sở UBND quận Dương Kinh. Cách trục đường Phạm Văn Đồng 800m; Quốc lộ 5B gần 4km và trục đường Nguyễn Văn Linh (Quốc lộ 5) khoảng 5,3km. Từ vị trí dự án di chuyển đến sân bay Quốc tế Cát Bi hơn 7,5km.', ' Thông tin CafeLand', ' Dự án khu đô thị Dương Kinh New City do Công ty Cổ phần Kinh doanh Phát triển Nhà và Đô thị Hà Nội (Hanhud) làm chủ đầu tư. Tổng mức đầu tư 336,5 tỷ đồng.', ' Công ty Cổ phần Kinh doanh Phát triển Nhà và Đô thị Hà Nội, tiền thân là Công ty Kinh doanh Phát triển nhà Thanh Trì được thành lập vào ngày 03/04/1993 hoạt động theo Luật doanh nghiệp Nhà Nước. Đến tháng 09/1999, thực hiện chủ trương sắp xếp đổi mới các doanh nghiệp Nhà Nước, công ty trở thành thành viên của Tổng Công ty Đầu tư và Phát triển Nhà Hà Nội.', ' Giá bán đất nền được tham khảo tại dự án khu đô thị Dương Kinh New City từ 12 – 15 triệu/m2.', ' Về tiến độ thanh toán của dự án:', ' - Đặt cọc giữ chỗ 50 triệu.', ' - Đợt 1: Ký HĐMB với chủ đầu tư, thanh toán 60% giá trị HĐ.', ' - Đợt 2: Sau 60 ngày kể từ ngày ký HĐMB với chủ đầu tư, thanh toán 20% giá trị HĐ.', ' - Đợt 3: Sau 120 ngày kể từ ngày ký HĐMB với chủ đầu tư, thanh toán 20% giá trị HĐ.', ' Một số hình ảnh thực tế tại dự án khu đô thị Dương Kinh New City', ' Thông tin nhanh dự án khu đô thị Dương Kinh New City', ' Dự án:\xa0Dương Kinh New City', ' Vị trí: Đường Mặc Đăng Doanh, phường Anh Dũng, quận Dương Kinh, thành phố Hải Phòng', ' Loại hình: Đất nền', ' Chủ đầu tư: Công ty Cổ phần Kinh doanh Phát triển Nhà và Đô thị Hà Nội']"
34,tai-hai-phong,Khu đô thị Đa Phúc Central Park Hải Phòng,https://cafeland.vn/du-an/khu-do-thi-da-phuc-central-park-hai-phong-2542.html,"[' Quy mô dự án khu đô thị Đa Phúc Central Park', ' ', ' Đa Phúc Central Park được quy hoạch trên tổng diện tích đất 3,8 ha; được chia thành 136 lô đất nền với hai sản phẩm chính là đất nền liền kề có diện tích từ 90 m2 – 110 m2 và đất nền biệt thự có diện tích từ 205 m2 – 387 m2.', ' Hiện tại cơ sở hạ tầng của dự án như đường, điện, nước đã hoàn thiện, đường trải nhựa rộng từ 7,5m và vỉa hè rộng từ 3m. Ngoài ra bên trong dự án còn có diện tích dành cho công viên thể dục thể thao.', ' Xung quanh dự án là khu dân cư hiện hữu, cách trục đường Nguyễn Lương Bằng (Tỉnh lộ 355) khoảng 1,3km và cách Ngã 3 Đa Phúc hơn 1,5km; cách Ngã 5 Kiến An (Phan Đăng Lưu – Trần Tất Văn – Nguyễn Lương Bằng – Trần Nhân Tông – Trần Thành Ngọ) khoảng 4,2km.', ' ', ' Phối cảnh dự án Đa Phúc Central Park', ' Thông tin', ' Dự án khu đô thị Đa Phúc Central Park do Công ty TNHH Vận tải Tiến Mạnh làm chủ đầu tư.', ' Công ty TNHH Vận tải Tiến Mạnh được cấp giấy phép vào tháng 11/2002, hoạt động chính trong lĩnh vực sản xuất bê tông và các sản phẩm từ xi măng và thạch cao.', ' Giá bán đất nền được tham khảo tại dự án khu đô thị Đa Phúc Central Park từ 10 – 12 triệu/m2.', ' Thông tin nhanh dự án khu đô thị Đa Phúc Central Park', ' Dự án:\xa0Đa Phúc Central Park', ' Vị trí: Đường Đa Phúc, phường Đa Phúc, quận Dương Kinh, thành phố Hải Phòng', ' Loại hình: Đất nền', ' Chủ đầu tư: Công ty TNHH Vận tải Tiến Mạnh']"
41,tai-hai-phong,Khu đô thị Nam Hải – Phúc Lộc New Horizon,https://cafeland.vn/du-an/khu-do-thi-nam-hai-phuc-loc-new-horizon-1761.html,"['Quy mô khu đô thị Nam Hải – Phúc Lộc New Horizon', 'https://cafeland.vn/image-data/600-0/static1.cafeland.vn/cafelandData/upload/tintuc/duan/2018/05/tuan-01/pc-tt-nam-hai-1525708834.png?t=1', 'Nền đất xây dựng dự án có tổng diện tích 11,85ha, mật độ xây dựng 58,8%. Trong đó diện tích đất ở 69.615,6m2, đất công trình công cộng khoảng 700m2, đất cây xanh 12.296,6m2, đất bãi đỗ xe rộng 2.800m2 và đất đường giao thông 33.048,8m2.', 'https://cafeland.vn/image-data/600-0/static1.cafeland.vn/cafelandData/upload/tintuc/duan/2018/05/tuan-01/mb-nam-hai-1525708884.jpg?t=1', 'Đất nhà ở xây dựng biệt thự có diện tích từ 12.211,1m2 phân thành 60 lô với diện tích từ 187 – 270m2, được thiết kế cao 4 tầng.', 'Đất nhà ở dạng liền kề có diện tích 43.422,9m2 phân thành 312 lô với diện tích từ 125 – 262m2, có số tầng cao là 4.', 'Đất chung cư (diện nhà ở xã hội) có tổng diện tích 13.981,6m2, phân thành 5 tòa gồm 650 căn hộ với diện tích mỗi căn từ 40 – 70m2.\xa0', 'https://cafeland.vn/image-data/600-0/static1.cafeland.vn/cafelandData/upload/tintuc/duan/2018/05/tuan-01/pc-nha-nam-hai-1525708917.jpg?t=1', 'https://cafeland.vn/image-data/600-0/static1.cafeland.vn/cafelandData/upload/tintuc/duan/2018/05/tuan-01/pc-nha-nam-hai-3-1525708942.jpg?t=1', 'Hệ thống tiện ích nội khu tại dự án Phúc Lộc New Horizon gồm công viên, nhà văn hóa, khu thể thao, bãi đỗ xe, phố đi bộ, trường học, khu vui chơi trẻ em, phòng tập gym,…', 'Hệ thống đường nội bộ trong dự án rộng 15 – 19m.', 'Phương thức thanh toán khu đô thị Nam Hải – Phúc Lộc New Horizon', 'Đặt cọc 50 triệu/nền;', 'Đợt 1 ký hợp đồng với chủ đầu tư thanh toán 30% + phí dịch vụ gồm phí san lấp mặt bằng, phí chạy điện nước,…(không bao gồm trong hợp đồng);', 'Đợt 2 thanh toán 30% giá trị hợp đồng;', 'Đợt 3 liên hệ chủ đầu tư để biết thêm chi tiết.', 'Thông tin', 'Được biết, khu đô thị Nam Hải – Phúc Lộc New Horizon do Tổng Công Ty Địa Ốc Phúc Lộc (Phúc Lộc Land) làm chủ đầu tư với tổng mức vốn gần 220 tỷ đồng, Công ty CP Bất động sản Hải Phát Đất Cảng là đơn vị phân phối chính thức.', 'Theo thông tin từ chủ đầu tư, mức giá chính thức được công bố chào bán cho mỗi nền thuộc dự án khoảng từ 10 – 15 triệu/m2 (đã bao gồm VAT). Trong đó, hướng mặt ngoài (hướng Tây) có mức giá khoảng 12,5 triệu/m2; hướng mặt trong (hướng Đông) có mức giá khoảng từ 12,5 triệu/m2.', 'Hiện dự án đã được khởi công vào tháng 12/2017.', 'Thông tin nhanh dự án khu đô thị Nam Hải - Phúc Lộc New Horizon', 'Dự án: Khu đô thị Nam Hải - Phúc Lộc New Horizon', 'Tổng diện tích: 11,85ha', 'Vị trí: Đường World Bank, phường Nam Hải, quận Hải An, Hải Phòng', 'Tổng vốn đầu tư: 220 tỷ', 'Loại hình: Khu dân cư', 'Ngày khởi công: Tháng 12/2017', 'Chủ đầu tư: Tổng Công Ty Địa Ốc Phúc Lộc (Phúc Lộc Land)', 'Năm hoàn thành: Quý 1/2019']"
50,tai-hai-phong,Cát Bà Amatina: Khu nghỉ dưỡng sinh thái trên Vịnh Hạ long,https://cafeland.vn/du-an/cat-ba-amatina-khu-nghi-duong-sinh-thai-tren-vinh-ha-long-533.html,"['Với mục tiêu trở thành khu phức hợp nghỉ dưỡng biệt thự biển cao cấp và công viên giải trí đẳng cấp quốc tế, dự án Cát Bà Amatina được phát triển theo hướng bền vững, thân thiện với môi trường.', 'Quy mô dự án:', 'Được triển khai xây dựng trên 172,3ha đất, Cát Bà Amatina bao gồm các hạng mục sau:', 'https://cafeland.vn/image-data/600-0/static2.cafeland.vn/images/DUAN/T62011/Cat-Ba- Amatina.jpg?t=1', 'Các làng biệt thự: Diện tích các làng biệt thự này là 305.005 m2, tổng số có 803 biệt thự.', 'https://cafeland.vn/image-data/600-0/static2.cafeland.vn/images/DUAN/T62011/Cat-Ba- Amatina-bietthu.jpg?t=1', 'Các cụm khách sạn từ 3-5 sao: Gồm 6 khách sạn với tổng số hơn 2000 phòng. Có 02 khách sạn 5 sao, 01 khách sạn 3 sao và 03 khách sạn 4 sao. Tổng diện tích rộng 265.328 m2.', 'https://cafeland.vn/image-data/600-0/static2.cafeland.vn/images/DUAN/T62011/Cat-Ba- Amatina-khachssan.jpg?t=1', 'Các khu kinh doanh dịch vụ du lịch, thương mại và vui chơi giải trí.', 'Các công trình công cộng và hạ tầng kỹ thuật: Có diện tích 83,3 ha, bao gồm các công trình hạ tầng, kỹ thuật, công viên, cây xanh…', 'Cát Bà Amatina kết hợp giữa mô hình đô thị phong phú hiện đại, khu nghỉ dưỡng riêng tư thân thiện, bến du thuyền sang trọng thuận tiện, công viên giải trí ấn tượng, dịch vụ du lịch đầy đủ, đồng bộ trong không gian thiên nhiên xinh đẹp của đảo Ngọc.', 'Phương thức thanh toán:', 'Tiến độ góp vốn Khu biệt thự B2-B3.', 'Giai đoạn 1: 40%, sau khi ký HĐ góp vốn.', 'Giai đoạn 2: 30%, sau 2 tháng đóng đợt 1.', 'Giai đoạn 3: 30%, sau 2 tháng đóng đợt 2.', 'Thông tin:', 'Cát Bà Amatina do  Công ty cổ phần đầu tư và phát triển du lịch Vinaconex (Vinaconex – ITC) làm chủ đầu tư. Cát Bà Amatina có tổng vốn đầu tư lên đến 1 tỷ USD.', 'Dự án chia làm 3 giai đoạn chính, trong đó:', 'Giai đoạn IA: Đã bàn giao, Khu biệt thự B4 Tùng Thu. gồm 100 lô, mỗi lô có diện tích 60m2.', 'Giai đoạn IB: Đang san lấp và hoàn thiện cơ sở hạ tầng kỹ thuật, Khu biệt thự B2-B3, gồm 84 lô, mỗi lô có diện tích từ 320m2 - 580m2.', 'Dự kiến toàn bộ dự án sẽ hoàn thành vào năm 2012.', 'Thông tin nhanh dự án:', 'Dự án :  Cát Bà Amatina', '\xa0Tổng diện tích :  172,27 ha', 'Vị trí :   Thị trấn Cát Bà  -  xã Trân Châu, huyện Cát Hải, Hải Phòng', '\xa0Tổng vốn đầu tư :  1 tỷ USD', 'Loại hình : Khu du lịch nghỉ dưỡng', '\xa0Ngày khởi công:  2008', 'Chủ đầu tư :   Công ty cổ phần đầu tư và phát triển du lịch Vinaconex (Vinaconex – ITC)', 'Năm hoàn thành:  2012']"
52,tai-hai-phong,Hòn Dấu Resort: Thiên đường du lịch,https://cafeland.vn/du-an/hon-dau-resort-thien-duong-du-lich-471.html,"['Quy mô dự án', 'Hòn Dấu Resort có diện tích hơn 100ha, diện tích sử dụng là khoảng 54 ha (khu A) và phần lấn biển mở rộng bán đảo Đồ Sơn với diện tích sử dụng trên 60 ha (khu B).', 'https://cafeland.vn/image-data/600-0/static2.cafeland.vn/images/DUAN/T62011/94764HonDauResort4.jpg?t=1', 'Biệt thự - Tiện ích', 'Theo thiết kế, dự án có 5 khu biệt thự như:', 'https://cafeland.vn/image-data/600-0/static2.cafeland.vn/images/DUAN/T62011/amthucbien04.jpg?t=1', 'Với mật độ xây dựng 35%, các biệt thự có chiều cao tối đa 15m để đảm bảo không gian xanh bên những khu rừng thông xanh ngắt và bãi biển trong xanh.', 'Thông tin', 'Hòn Dấu Resort được khởi công năm 2005 với tổng vốn đầu tư 1.700 tỷ đồng, do Công ty Cổ phần du lịch quốc tế Hòn Dấu làm chủ đầu tư. Dự kiến, dự án sẽ hoàn thành năm 2013.', 'Thông tin nhanh dự án', 'Dự án :   Hòn Dấu Resort', '\xa0Tổng diện tích :  108,39ha', 'Vị trí :  Khu 3, phường Vạn Hưng, quận Đồ Sơn, Tp.Hải Phòng', '\xa0Tổng vốn đầu tư : 1.700 tỷ đồng ', 'Loại hình : Biệt thự', '\xa0Ngày khởi công :  2005', 'Chủ đầu tư :   Công ty Cổ phần du lịch quốc tế Hòn Dấu', 'Năm hoàn thành:  2013']"
53,tai-hai-phong,Đảo Hoa Phượng: Một người sở hữu – Vạn người ước mơ,https://cafeland.vn/du-an/dao-hoa-phuong-mot-nguoi-so-huu-van-nguoi-uoc-mo-328.html,"['Đảo Hoa Phượng nằm trong vùng vịnh Vạn Hương, xưa nay nổi tiếng là nơi an toàn cho tàu thuyền tránh bão. Với địa hình đặc biệt này, khí hậu khu vực Đảo sẽ ấm áp hơn về mùa đông và mát mẻ hơn về mùa hè.', 'Quy mô dự án:', 'Đảo Hoa Phượng một hòn đảo nhân tạo đầu tiên tại Việt Nam, gồm 5 cánh hoa mà mỗi cánh đại diện cho một vị thần đầy quyền lực trong thần thoại Hy Lạp.', 'https://cafeland.vn/image-data/600-0/static2.cafeland.vn/images/DUAN/T32011/dao-hoa-phuong-tongthe.jpg?t=1', 'Đảo Hoa Phượng có tổng diện tích gần 60ha được quy hoạch và đầu tư thành một Resort cao cấp với quần thể gồm khách sạn 5 sao, khu mua sắm, phố ẩm thực, công viên nước trong nhà, rạp chiếu phim và 156 căn biệt thự cao cấp được bố trí thành từng cụm độc lập nằm trên 4 cánh của hoa phượng.', 'Biệt Thự –Tiện ích:', 'Các căn biệt thự tại Đảo Hoa Phượng được chia làm 4 khu riêng biệt, tọa lạc trên “4 cánh phượng”: Khu biệt thự Apollo, Khu biệt thự Posiedon, Khu biệt thự Helios, Khu Eros. Các biệt thự có tổng cộng 5 mẫu thiết kế: Villa Ashley, Villa Malibu, Villa Saint Basque, Villa SimoNetta and Villa Ashley Mod.', 'https://cafeland.vn/image-data/600-0/static2.cafeland.vn/images/DUAN/T32011/biet-thu-Ashley%20mod.jpg?t=1', 'Khu biệt thự Apollo  có tổng diện tích 47.910 m2, gồm 56 căn biệt thự có diện tích 403 đến 622 m2 hướng mặt ra biển, bao quanh phía sau là phong cảnh núi đồi Đồ Sơn nên thơ. Hồ tạo cảnh quan liền kề cùng công viên cây xanh ngay trung tâm khu biệt thự mang lại một phong cách sống tuyệt đỉnh cho những ai say mê cảnh sắc thanh bình.', 'Khu biệt thự Posiedon  có tổng diện tích 61.941 m2, gồm 61 căn biệt thự có diện tích từ 495 đến 654 m2 với khung cảnh thiên nhiên thoáng đãng nên thơ, mây trời trải dài ngút tầm mắt. Biển cả mênh mông, sóng vỗ dạt dào hòa cùng tiếng rì rào của rừng thông bên đồi.', 'https://cafeland.vn/image-data/600-0/static2.cafeland.vn/images/DUAN/T32011/Simonetta.jpg?t=1', 'Khu biệt thự Helios  có tổng diện tích 75.884 m2, gồm 50 căn biệt thự có diện tích từ 503 đến 937 m2. Các biệt thự hướng ra đón gió biển đan xen cùng những căn biệt thự quay mình vào khu vườn đầy cỏ hoa, khu Helios trở thành một cánh hoa tuyệt bích trong tổng thể Đảo Hoa Phượng.', 'Khu Eros  có tổng diện tích 63.475 m2, gồm các biệt thự cho thuê, bến du thuyền phục vụ cho cư dân trên đảo và các tiện ích giải trí như CLB, nhà thể thao, bể bơi lớn, trạm y tế và trường mẫu giáo…', 'Khu khách sạn 5 sao Zeus  có tổng diện tích 80.028 m2 gồm bến tàu, công viên nước, bãi đáp thủy phi cơ, bãi đáp máy bay trực thăng. Khu khách sạn Zeus cũng chính là khu vực duy nhất có sóng gió nhẹ thích hợp xây dựng một bãi biển thiên nhiên, và cũng là nơi đặt trung tâm hội nghị đẳng cấp quốc tế.', 'https://cafeland.vn/image-data/600-0/static2.cafeland.vn/images/DUAN/T32011/dao-hoaphuog-beduthuyen.jpg?t=1', 'Bên cạnh bãi biển thiên nhiên là một khách sạn 5 sao cao 28 tầng mang hình dáng cánh buồm căng gió. Kiến trúc độc đáo, hiện đại của khu khách sạn Zeus là điểm nhấn nổi bật trên Đảo Hoa Phượng.', 'https://cafeland.vn/image-data/600-0/static2.cafeland.vn/images/DUAN/T32011/dao-hoaphuong-TTTM-nhuyhoa.jpg?t=1', 'Ngoài các khu biệt thự và khách sạn 5 sao, Tại trung tâm của Đảo Hoa Phượng cũng chính là nhụy hoa được quy hoạch làm trung tâm dịch vụ mua sắm, phố ăn uống với kiến trúc hiện đại 2 tầng mái lợp bằng Teflon (ETFE) uốn lượn như những ngọn sóng. Đây là khu vực vui chơi mua sắm phục vụ chung cho cư dân trên đảo gồm có phố ẩm thực và khu mua sắm.', 'Nhận định CafeLand về dự án:', 'Dự án Đảo Hoa Phượng là sản phẩm tâm huyết của Tập đoàn Daso. Dự án đã được khởi công vào tháng 7/2010 với tổng mức đầu tư 2.000 tỷ đồng. Dự kiến, toàn bộ công trình đảo nhân tạo Đảo Hoa Phượng sẽ hoàn thành vào năm 2014. Hiện toàn bộ phần hạ tầng đã được hoàn thiện, chủ đầu tư đang tiến hành xây dựng khách sạn cũng như các công trình kinh doanh trên đảo.', 'Theo CafeLand được biết, vào ngày 15/3 tới đây, Công ty Cổ phần Dịch vụ và Địa ốc Đất Xanh Miền Bắc, đơn vị phân phối chính thức dự án, sẽ mở bán 50 căn biệt thự tại cánh 5 - cánh mang tên vị thần biển Poseidon. 50 căn biệt thự Poseison được xây theo 5 mẫu: Ashley (diện tích xây dựng 532.7m2), Asley Mod (532.7m2), Saint Basque (609.6m2 ), Malibu (650m2), Simonette (658.9m2). Đặc biệt, tổng số lượng biệt thự bán ra rất ít, chỉ khoảng 100 căn. Các căn còn lại sẽ được chủ đầu tư giữ lại để dành cho các chuyên gia nước ngoài thuê dài hạn. Giá bán cho mỗi m2 biệt thự Poseison dự kiến chỉ từ 24 triệu đồng/m2.', 'Với giá bán 24 triệu/m2, tính ra mỗi căn biệt thự Poseido sẽ có giá ít nhất từ 12,5 tỷ trở lên – Một con số khủng trong thời buổi lạm phát, vay vốn khó khăn như hiện nay. Tuy nhiên, được sở hữu một biệt thự kiểu “Tân Cổ Điển” nơi biển Đồ Sơn – Đảo Hoa Phượng đầy sang trọng và đủ tiện nghi với những tiện ích như: Bến du thuyền, bãi đáp trực thăng, bãi đáp thủy phi cơ, trung tâm thương mại, công viên nước trong nhà, rạp chiếu phim, nhà hàng, spa, hồ bơi tiêu chuẩn quốc tế, phòng khám, hồ chèo thuyền, nhà trẻ… sẽ đem lại niềm tự hào của người sở hữu, những giá trị cao hơn đồng tiền và trên hết, sở hữu Poseidon chính là sở hữu giấc mơ của vạn người.', 'Núi, biển và hải đảo tạo nên cảnh quan thiên nhiên đặc sắc cho Đồ Sơn – Hải Phòng. Nhờ đó, giá trị du lịch và nghỉ dưỡng của Đảo Hoa Phượng có giá trị tăng lên gấp bội phần.', 'Thông tin nhanh dự án:', 'Dự án :   Đảo Hoa Phượng', '\xa0Tổng diện tích : 60 ha', 'Vị trí :  Khu du lịch nghỉ dưỡng Đồ Sơn, Hải Phòng', '\xa0Tổng vốn đầu tư : 2000 tỷ', 'Loại hình :  Biệt thự ', '\xa0Ngày khởi công :  Tháng 7/2010', 'Chủ đầu tư :  Tập đoàn Daso', 'Năm hoàn thành : Năm 2014', '\xa0Tag: cac d', 'Video giới thiệu dự án:', 'u an , dao hoa phuong, biet thu']"
